{
    "index_name": "index-research",
    "chunk_type": {
        "multimodalRAGテスト資料その1.pptx": "ppt-type",
        "ChatGPTの10ヶ月と開発トレンドの現在地.pdf": "ppt-type",
        "源範頼 - Wikipedia.pdf": "word-type",
        "2022_FIFAサッカーワールドカップ.pdf": "word-type",
        "2023_ワールド・ベースボール・クラシック.pdf": "word-type",
        "2023_FIBAバスケットボール・ワールドカップ.pdf": "word-type",
        "softbank_sustainability_report_2023.pdf": "ppt-type"
    }
}

